cam_e3sm_v2,cam_null_flang,1,.70034325,1.
cam_e3sm_v2,cam_null_flang,2,.71059805,1.
cam_e3sm_v2,cam_null_flang,3,.70934766,1.
cam_e3sm_v2,cam_null_flang,4,.70423305,1.
cam_e3sm_v2,cam_null_flang,5,.70246303,1.
cam_e3sm_v2,cam_fortis_bnd,1,.40655476,4.480924289214985E-07
cam_e3sm_v2,cam_fortis_bnd,2,.40958536,4.480924289214985E-07
cam_e3sm_v2,cam_fortis_bnd,3,.4066965,4.480924289214985E-07
cam_e3sm_v2,cam_fortis_bnd,4,.40646878,4.480924289214985E-07
cam_e3sm_v2,cam_fortis_bnd,5,.40289673,4.480924289214985E-07
cam_e3sm_v2,cam_fortis_glue,1,.9313815,4.480924289214985E-07
cam_e3sm_v2,cam_fortis_glue,2,.9363891,4.480924289214985E-07
cam_e3sm_v2,cam_fortis_glue,3,.9424897,4.480924289214985E-07
cam_e3sm_v2,cam_fortis_glue,4,.9378184,4.480924289214985E-07
cam_e3sm_v2,cam_fortis_glue,5,.9397125,4.480924289214985E-07
cam_e3sm_v2,cam_trt,1,0.859284937,7.5010672601458846E-004
cam_e3sm_v2,cam_trt,2,0.844432354,7.5010672601458846E-004
cam_e3sm_v2,cam_trt,3,0.851039529,7.5010672601458846E-004
cam_e3sm_v2,cam_trt,4,0.857825398,7.5010672601458846E-004
cam_e3sm_v2,cam_trt,5,0.843753755,7.5010672601458846E-004
cam_e3sm_v2,cam_ftorch,1,14.8214464,5.1210563305314109E-007
cam_e3sm_v2,cam_ftorch,2,1.50967145,5.1210563305314109E-007
cam_e3sm_v2,cam_ftorch,3,1.60874200,5.1210563305314109E-007
cam_e3sm_v2,cam_ftorch,4,1.52250445,5.1210563305314109E-007
cam_e3sm_v2,cam_ftorch,5,1.49984097,5.1210563305314109E-007
cam_e3sm_v2,cam_torchfort,1,1.84444368,5.1210563305314109E-007
cam_e3sm_v2,cam_torchfort,2,1.56726563,5.1210563305314109E-007
cam_e3sm_v2,cam_torchfort,3,1.54077816,5.1210563305314109E-007
cam_e3sm_v2,cam_torchfort,4,1.54683065,5.1210563305314109E-007
cam_e3sm_v2,cam_torchfort,5,1.56455457,5.1210563305314109E-007
sam,sam_trt,1,81.7212830,0.74973214246428976
sam,sam_trt,2,80.8687897,0.74973214246428976
sam,sam_trt,3,82.4453659,0.74973214246428976
sam,sam_trt,4,81.3155975,0.74973214246428976
sam,sam_trt,5,81.3565979,0.74973214246428976
sam,sam_ftorch,1,285.677338,6.1862665188758192E-003
sam,sam_ftorch,2,281.057343,6.1862665188758192E-003
sam,sam_ftorch,3,283.221283,6.1862665188758192E-003
sam,sam_ftorch,4,283.903748,6.1862665188758192E-003
sam,sam_ftorch,5,282.475983,6.1862665188758192E-003
sam,sam_torchfort,1,350.204987,6.1862665188758192E-003
sam,sam_torchfort,2,349.567108,6.1862665188758192E-003
sam,sam_torchfort,3,348.182831,6.1862665188758192E-003
sam,sam_torchfort,4,349.556396,6.1862665188758192E-003
sam,sam_torchfort,5,349.499237,6.1862665188758192E-003
sam,sam_trt_pad_a100,1,126.744469,6.1862665188758192E-003
sam,sam_trt_pad_a100,2,125.905487,6.1862665188758192E-003
sam,sam_trt_pad_a100,3,126.466919,6.1862665188758192E-003
sam,sam_trt_pad_a100,4,126.709656,6.1862665188758192E-003
sam,sam_trt_pad_a100,5,126.679161,6.1862665188758192E-003
sam,sam_trt_batch_a100,1,3.45288086,6.1862665188758192E-003
sam,sam_trt_batch_a100,2,3.61092544,6.1862665188758192E-003
sam,sam_trt_batch_a100,3,3.41906762,6.1862665188758192E-003
sam,sam_trt_batch_a100,4,3.41944623,6.1862665188758192E-003
sam,sam_trt_batch_a100,5,3.42377234,6.1862665188758192E-003
sam,sam_fortis_a100,1,2.330474,6.186266518875819E-03
sam,sam_fortis_a100,2,2.4489898,6.186266518875819E-03
sam,sam_fortis_a100,3,2.4315388,6.186266518875819E-03
sam,sam_fortis_a100,4,2.3583107,6.186266518875819E-03
sam,sam_fortis_a100,5,2.3698013,6.186266518875819E-03
sam,sam_fortis_col_a100,1,113.35238,6.186266518875819E-03
sam,sam_fortis_col_a100,2,113.04628,6.186266518875819E-03
sam,sam_fortis_col_a100,3,113.63554,6.186266518875819E-03
sam,sam_fortis_col_a100,4,113.573135,6.186266518875819E-03
sam,sam_fortis_col_a100,5,113.17679,6.186266518875819E-03
sam,sam_fortis_batch_a100,1,2.4158306,6.186266518875819E-03
sam,sam_fortis_batch_a100,2,2.4148678,6.186266518875819E-03
sam,sam_fortis_batch_a100,3,2.47473,6.186266518875819E-03
sam,sam_fortis_batch_a100,4,2.3973818,6.186266518875819E-03
sam,sam_fortis_batch_a100,5,2.3861394,6.186266518875819E-03
climsim_col,climsim_fortis_shape_a100,1,71.57921,4.4809232E-07
climsim_col,climsim_fortis_shape_a100,2,72.705085,4.4809232E-07
climsim_col,climsim_fortis_shape_a100,3,59.408084,4.4809232E-07
climsim_col,climsim_fortis_shape_a100,4,59.758564,4.4809232E-07
climsim_col,climsim_fortis_shape_a100,5,59.347496,4.4809232E-07
climsim_col,climsim_fortis_graph_a100,1,59.345703,4.4809232E-07
climsim_col,climsim_fortis_graph_a100,2,59.439544,4.4809232E-07
climsim_col,climsim_fortis_graph_a100,3,59.554546,4.4809232E-07
climsim_col,climsim_fortis_graph_a100,4,59.68367,4.4809232E-07
climsim_col,climsim_fortis_graph_a100,5,59.600753,4.4809232E-07
climsim_col,climsim_fortis_lb_a100,1,.23500564,4.800989E-07
climsim_col,climsim_fortis_lb_a100,2,.23231512,4.800989E-07
climsim_col,climsim_fortis_lb_a100,3,.23410965,4.800989E-07
climsim_col,climsim_fortis_lb_a100,4,.23483434,4.800989E-07
climsim_col,climsim_fortis_lb_a100,5,.23402329,4.800989E-07
climsim_col,climsim_fortis_lift_a100,1,.23827772,4.800989E-07
climsim_col,climsim_fortis_lift_a100,2,.23739455,4.800989E-07
climsim_col,climsim_fortis_lift_a100,3,.23808157,4.800989E-07
climsim_col,climsim_fortis_lift_a100,4,.23501323,4.800989E-07
climsim_col,climsim_fortis_lift_a100,5,.24095937,4.800989E-07
climsim_col,climsim_ftorch,1,44.3087807,4.48092322E-07
climsim_col,climsim_ftorch,2,44.4408188,4.48092322E-07
climsim_col,climsim_ftorch,3,44.3434334,4.48092322E-07
climsim_col,climsim_ftorch,4,44.2665710,4.48092322E-07
climsim_col,climsim_ftorch,5,43.9373665,4.48092322E-07
climsim_col,climsim_torchfort,1,54.8733101,4.48092322E-07
climsim_col,climsim_torchfort,2,55.0657654,4.48092322E-07
climsim_col,climsim_torchfort,3,54.9958534,4.48092322E-07
climsim_col,climsim_torchfort,4,55.1357765,4.48092322E-07
climsim_col,climsim_torchfort,5,55.0366554,4.48092322E-07
climsim_col,climsim_fortis_graph_a100_pinfix,1,14.708246
climsim_col,climsim_fortis_graph_a100_pinfix,2,14.771043
climsim_col,climsim_fortis_graph_a100_pinfix,3,14.897435
climsim_col,climsim_fortis_graph_a100_pinfix,4,14.835574
climsim_col,climsim_fortis_graph_a100_pinfix,5,14.919041
sam,sam_fortis_col_a100_pinfix,1,113.22834,6.186266518875819E-03
sam,sam_fortis_col_a100_pinfix,2,113.400634,6.186266518875819E-03
sam,sam_fortis_col_a100_pinfix,3,113.20083,6.186266518875819E-03
sam,sam_fortis_col_a100_pinfix,4,113.35757,6.186266518875819E-03
sam,sam_fortis_col_a100_pinfix,5,113.261825,6.186266518875819E-03
