host,coupling,run,ms_per_step,max_rel_err_vs_fp64
zb,zb_fortis,1,2.7833333,5.977529135796778E-07
zb,zb_fortis,2,2.7960353,5.977529135796778E-07
zb,zb_fortis,3,2.78603,5.977529135796778E-07
zb,zb_fortis,4,2.7951848,5.977529135796778E-07
zb,zb_fortis,5,2.8089788,5.977529135796778E-07
zb,zb_expert_fortis,1,3.076885,5.977529135796778E-07
zb,zb_expert_fortis,2,3.0791697,5.977529135796778E-07
zb,zb_expert_fortis,3,3.083672,5.977529135796778E-07
zb,zb_expert_fortis,4,3.0710323,5.977529135796778E-07
zb,zb_expert_fortis,5,3.0807833,5.977529135796778E-07
zb,zb_expert_trt_flang,1,2.9699993,5.977529135796778E-07
zb,zb_expert_trt_flang,2,2.97042,5.977529135796778E-07
zb,zb_expert_trt_flang,3,2.9671192,5.977529135796778E-07
zb,zb_expert_trt_flang,4,2.9565744,5.977529135796778E-07
zb,zb_expert_trt_flang,5,2.9662971,5.977529135796778E-07
zb,zb_expert_trt_gfortran,1,12.4517279,5.9775291357967779E-007
zb,zb_expert_trt_gfortran,2,12.4467020,5.9775291357967779E-007
zb,zb_expert_trt_gfortran,3,12.4435053,5.9775291357967779E-007
zb,zb_expert_trt_gfortran,4,12.4436169,5.9775291357967779E-007
zb,zb_expert_trt_gfortran,5,12.4357576,5.9775291357967779E-007
zb,zb_native_gf,1,26.7803001,7.2027319675105848E-007
zb,zb_native_gf,2,26.8946171,7.2027319675105848E-007
zb,zb_native_gf,3,26.7272587,7.2027319675105848E-007
zb,zb_native_gf,4,26.7664185,7.2027319675105848E-007
zb,zb_native_gf,5,26.7967281,7.2027319675105848E-007
zb,zb_null_flang,1,1.5258627,
zb,zb_trt,1,1367.96277,9.7747420469905119E-007
zb,zb_trt,2,1365.71057,9.7747420469905119E-007
zb,zb_ftorch,1,6425.33936,9.7747420469905119E-007
zb,zb_ftorch,2,6340.88770,9.7747420469905119E-007
zb,zb_torchfort,1,7303.19189,9.7747420469905119E-007
zb,zb_torchfort,2,7646.63086,9.7747420469905119E-007
