zb,zb_native_gf,1,19.3179722,7.2027319675105848E-007
zb,zb_native_gf,2,19.2030907,7.2027319675105848E-007
zb,zb_native_gf,3,19.3130550,7.2027319675105848E-007
zb,zb_native_gf,4,19.2783146,7.2027319675105848E-007
zb,zb_native_gf,5,19.2949066,7.2027319675105848E-007
zb,zb_expert_trt_a100,1,2.171599,5.977529135796778E-07
zb,zb_expert_trt_a100,2,2.4046132,5.977529135796778E-07
zb,zb_expert_trt_a100,3,2.413298,5.977529135796778E-07
zb,zb_expert_trt_a100,4,2.4025435,5.977529135796778E-07
zb,zb_expert_trt_a100,5,2.1831548,5.977529135796778E-07
zb,zb_trt_a100,1,1713.64771,9.7747420469905119E-007
zb,zb_trt_a100,2,1727.45874,9.7747420469905119E-007
zb,zb_native_gf,1,19.3341713,7.2027319675105848E-007
zb,zb_native_gf,2,19.3623524,7.2027319675105848E-007
zb,zb_native_gf,3,19.2306480,7.2027319675105848E-007
zb,zb_native_gf,4,19.1714306,7.2027319675105848E-007
zb,zb_native_gf,5,19.1866570,7.2027319675105848E-007
zb,zb_expert_trt_a100,1,2.383434,5.977529135796778E-07
zb,zb_expert_trt_a100,2,2.1704802,5.977529135796778E-07
zb,zb_expert_trt_a100,3,2.4021477,5.977529135796778E-07
zb,zb_expert_trt_a100,4,2.413478,5.977529135796778E-07
zb,zb_expert_trt_a100,5,2.4037826,5.977529135796778E-07
zb,zb_trt_a100,1,1731.90613,9.7747420469905119E-007
zb,zb_trt_a100,2,1698.33643,9.7747420469905119E-007
zb,zb_fortis_pack_a100,1,2.2718515,5.977529135796778E-07
zb,zb_fortis_pack_a100,2,2.2651734,5.977529135796778E-07
zb,zb_fortis_pack_a100,3,2.273143,5.977529135796778E-07
zb,zb_fortis_pack_a100,4,2.2730202,5.977529135796778E-07
zb,zb_fortis_pack_a100,5,2.3115196,5.977529135796778E-07
zb,zb_fortis_g_a100,1,1.4781355,5.977529135796778E-07
zb,zb_fortis_g_a100,2,1.4663494,5.977529135796778E-07
zb,zb_fortis_g_a100,3,1.4423067,5.977529135796778E-07
zb,zb_fortis_g_a100,4,1.4671987,5.977529135796778E-07
zb,zb_fortis_g_a100,5,1.4765381,5.977529135796778E-07
zb,zb_fortis_k_a100,1,1.044637,5.977529135796778E-07
zb,zb_fortis_k_a100,2,1.0365479,5.977529135796778E-07
zb,zb_fortis_k_a100,3,1.0441726,5.977529135796778E-07
zb,zb_fortis_k_a100,4,1.0535252,5.977529135796778E-07
zb,zb_fortis_k_a100,5,1.0461748,5.977529135796778E-07
zb,zb_expert_fortis_a100,1,2.5000593,5.977529135796778E-07
zb,zb_expert_fortis_a100,2,2.4828124,5.977529135796778E-07
zb,zb_expert_fortis_a100,3,2.277149,5.977529135796778E-07
zb,zb_expert_fortis_a100,4,2.471713,5.977529135796778E-07
zb,zb_expert_fortis_a100,5,2.2873847,5.977529135796778E-07
